no inventario,autor,titulo,lugar,editorial,año,dewey,cutter
1001,"Céspedes, Augusto",El dictador suicida,Santiago de Chile,Editorial Universitaria,1956,984,C47d
1002,"Viscarra, Víctor Hugo",Alcoholatum y otros drinks,La Paz,Los Amigos del Libro,1992,863,V57a
1003,"Vallejo, Gaby",Hijo de opa,Cochabamba,Los Amigos del Libro,1980,863,V35h
1004,"Tamayo, Franz",La Prometheida,La Paz,Editorial Juventud,1975,861,T36p
1005,"Shimose, Pedro",Quiero escribir pero me sale espuma,La Habana,Casa de las Américas,1972,861,S55q
1006,"Klein, Herbert S.",Historia general de Bolivia,La Paz,Editorial Juventud,1982,984,K54h
1007,"Gisbert, Teresa; Arze, Silvia; Cajías, Martha",Arte textil y mundo andino,La Paz,Gisbert y Cía.,1987,746,G57a
1008,"Paz Soldán, Edmundo",Sueños digitales,Madrid,Alfaguara,2000,863,P39s
1009,Bolivia,Código civil,La Paz,Gaceta Oficial de Bolivia,1976,346.84,B65c
1010,"Mesa Gisbert, Carlos D.","La aventura del cine boliviano, 1952-1985",La Paz,Editorial Gisbert,1985,791.43,M47a
1011,"Almaraz Paz, Sergio",Réquiem para una república,La Paz,Universidad Mayor de San Andrés,1969,984,A46r
1012,"Tamayo, Franz",La Prometheida,La Paz,Editorial Juventud,1975,861,T36p
1013,"Freire, Paulo",Pedagogía del oprimido,Montevideo,Tierra Nueva,1970,370.115,F74p
1014,"Paredes, M. Rigoberto","Mitos, supersticiones y supervivencias populares de Bolivia",La Paz,Arnó Hermanos,1920,398,P37m
1015,"Shimose, Pedro",Quiero escribir pero me sale espuma,La Habana,Casa de las Américas,1972,861,S55q
1016,"Bolaño, Roberto",Los detectives salvajes,Barcelona,Anagrama,1998,863,B65d
1017,"Dunkerley, James",Rebelión en las venas,La Paz,Plural Editores,2003,984,D86r
1018,"Rivera Cusicanqui, Silvia",Ch'ixinakax utxiwa: una reflexión sobre prácticas y discursos descolonizadores,Buenos Aires,Tinta Limón,2010,305.8,R58c
1019,"Galeano, Eduardo",Las venas abiertas de América Latina,México,Siglo XXI,1971,980,G35v
1020,"Arguedas, Alcides",Historia general de Bolivia,La Paz,Arnó Hermanos,1922,984,A74h
1021,"Paz Soldán, Edmundo",Palacio quemado,Madrid,Alfaguara,2006,863,P39p
1022,"García Márquez, Gabriel",El coronel no tiene quien le escriba,Medellín,Aguirre Editor,1961,863,G37c
1023,"Barragán, Rossana",Espacio urbano y dinámica étnica: La Paz en el siglo XIX,La Paz,HISBOL,1990,984,B37e
1024,"Carpentier, Alejo",El reino de este mundo,México,EDIAPSA,1949,863,C37r
1025,"Tapia, Luis",La producción del conocimiento local: historia y política en la obra de René Zavaleta,La Paz,Muela del Diablo,2002,320.984,T37p
1026,"Gutiérrez Aguilar, Raquel",Los ritmos del Pachakuti,México,Textos Rebeldes,2008,322.4,G88r
1027,"Cerruto, Oscar",Aluvión de fuego,La Paz,Los Amigos del Libro,1974,863,C47a
1028,"Querejazu Calvo, Roberto",Llallagua: historia de una montaña,La Paz,Los Amigos del Libro,1977,984,Q47l
1029,"Paz Soldán, Edmundo",Río fugitivo,Madrid,Alfaguara,1998,863,P39r
1030,"Vargas Llosa, Mario",La ciudad y los perros,Barcelona,Seix Barral,1963,863,V37c
1031,"Sábato, Ernesto",Sobre héroes y tumbas,Buenos Aires,Fabril Editora,1961,863,S23s
1032,"Paredes, M. Rigoberto","Mitos, supersticiones y supervivencias populares de Bolivia",La Paz,Arnó Hermanos,1920,398,P37m
1033,"Arguedas, Alcides",Pueblo enfermo,Barcelona,Viuda de Luis Tasso,1909,864,A74p
1034,"Francovich, Guillermo",La filosofía en Bolivia,Buenos Aires,Losada,1945,199.84,F73f
1035,"Freire, Paulo",Pedagogía del oprimido,Montevideo,Tierra Nueva,1970,370.115,F74p
1036,"Barnadas, Josep M.",Diccionario histórico de Bolivia,Sucre,Grupo de Estudios Históricos,2002,984.003,B37d
1037,"Lara, Jesús",Literatura de los quechuas,La Paz,Los Amigos del Libro,1969,898.323,L37l
1038,"Vargas Llosa, Mario",Conversación en La Catedral,Barcelona,Seix Barral,1969,863,V37c
1039,"Quiroga Santa Cruz, Marcelo",Los deshabitados,La Paz,Editorial Juventud,1959,863,Q57d
1040,"Lora, Guillermo",Historia del movimiento obrero boliviano,La Paz,Los Amigos del Libro,1967,331.88,L67h
1041,"Klein, Herbert S.",Orígenes de la revolución nacional boliviana,La Paz,Editorial Juventud,1968,984,K54o
1042,"Carpentier, Alejo",El reino de este mundo,México,EDIAPSA,1949,863,C37r
1043,"Taboada Terán, Néstor",Manchay Puytu,La Paz,Los Amigos del Libro,1977,863,T33m
1044,"Viscarra, Víctor Hugo","Borracho estaba, pero me acuerdo",La Paz,Los Amigos del Libro,1993,863,V57b
1045,"Quiroga Santa Cruz, Marcelo",Los deshabitados,La Paz,Editorial Juventud,1959,863,Q57d
1046,"Guzmán, Augusto",Historia de la novela boliviana,La Paz,Los Amigos del Libro,1983,863,G89h
1047,"Larson, Brooke","Colonialismo y transformación agraria en Bolivia: Cochabamba, 1550-1900",La Paz,CERES / HISBOL,1992,984,L37c
1048,"Rivera Cusicanqui, Silvia",Ch'ixinakax utxiwa: una reflexión sobre prácticas y discursos descolonizadores,Buenos Aires,Tinta Limón,2010,305.8,R58c
1049,"Céspedes, Augusto",Metal del diablo,La Paz,Editorial Juventud,1967,863,C47m
1050,"Neruda, Pablo",Canto general,México,Talleres Gráficos de la Nación,1950,861,N47c
1051,"Asturias, Miguel Ángel",El señor presidente,México,Costa-Amic,1946,863,A88s
1052,"Borges, Jorge Luis",Ficciones,Buenos Aires,Sur,1944,863,B67f
1053,"Barragán, Rossana","Indios, mujeres y ciudadanos",La Paz,Fundación Diálogo,1999,305.8,B37i
1054,"García Lorca, Federico",La casa de Bernarda Alba,Buenos Aires,Losada,1945,862,G37c
1055,"Cortázar, Julio",Rayuela,Buenos Aires,Editorial Sudamericana,1963,863,C67r
1056,"Lara, Jesús",Tragedia del fin de Atawallpa,Cochabamba,Imprenta Universitaria,1957,898.323,L37t
1057,"Galeano, Eduardo",Las venas abiertas de América Latina,México,Siglo XXI,1971,980,G35v
1058,"Rivera Cusicanqui, Silvia",Ch'ixinakax utxiwa: una reflexión sobre prácticas y discursos descolonizadores,Buenos Aires,Tinta Limón,2010,305.8,R58c
1059,"Barragán, Rossana",Espacio urbano y dinámica étnica: La Paz en el siglo XIX,La Paz,HISBOL,1990,984,B37e
1060,"Rulfo, Juan",Pedro Páramo,México,Fondo de Cultura Económica,1955,863,R85p
1061,"Posnansky, Arthur",Tihuanacu: la cuna del hombre americano,New York,J. J. Augustin,1945,930.1,P67t
1062,"Quiroga Santa Cruz, Marcelo",Los deshabitados,La Paz,Editorial Juventud,1959,863,Q57d
1063,"Marof, Tristán",La tragedia del altiplano,Buenos Aires,Editorial Claridad,1934,984,M37t
1064,"Bouysse-Cassagne, Thérèse",La identidad aymara,La Paz,HISBOL,1987,305.8,B68i
1065,"Medinaceli, Carlos",La chaskañawi,La Paz,Editorial Juventud,1947,863,M43c
1066,"Diez de Medina, Fernando",Thunupa,La Paz,Editorial Juventud,1956,984,D54t
1067,"Lavaud, Jean-Pierre",El embrollo boliviano,La Paz,IFEA / CESU,1998,320.984,L38e
1068,"Borges, Jorge Luis",El Aleph,Buenos Aires,Losada,1949,863,B67a
1069,"Tamayo, Franz",Creación de la pedagogía nacional,La Paz,Editorial Juventud,1975,370.984,T36c
1070,"Lara, Jesús",Surumi,Cochabamba,Los Amigos del Libro,1971,863,L37s
1071,"Bouysse-Cassagne, Thérèse",La identidad aymara,La Paz,HISBOL,1987,305.8,B68i
1072,"Cortázar, Julio",Rayuela,Buenos Aires,Editorial Sudamericana,1963,863,C67r
1073,"Montenegro, Carlos",Nacionalismo y coloniaje,La Paz,Editorial Juventud,1943,984,M66n
1074,"Klein, Herbert S.",Orígenes de la revolución nacional boliviana,La Paz,Editorial Juventud,1968,984,K54o
1075,"Zavaleta Mercado, René",Lo nacional-popular en Bolivia,México,Siglo XXI,1986,320.984,Z38n
1076,"Arguedas, Alcides",Raza de bronce,La Paz,Editorial Juventud,1977,863,A74r
1077,"Jaimes Freyre, Ricardo",Castalia bárbara,La Paz,Editorial Juventud,1980,861,J35c
1078,"Céspedes, Augusto",Sangre de mestizos,La Paz,Editorial Juventud,1969,863,C47s
1079,"Klein, Herbert S.",Historia general de Bolivia,La Paz,Editorial Juventud,1982,984,K54h
1080,"Francovich, Guillermo",La filosofía en Bolivia,Buenos Aires,Losada,1945,199.84,F73f
1081,"Francovich, Guillermo",La filosofía en Bolivia,Buenos Aires,Losada,1945,199.84,F73f
1082,"Lara, Jesús",Yanakuna,Cochabamba,Los Amigos del Libro,1973,863,L37y
1083,"Lora, Guillermo",Historia del movimiento obrero boliviano,La Paz,Los Amigos del Libro,1967,331.88,L67h
1084,Bolivia,Constitución Política del Estado,La Paz,Gaceta Oficial de Bolivia,2009,342.84,B65c
1085,"Mesa, José de; Gisbert, Teresa; Mesa Gisbert, Carlos D.",Historia de Bolivia,La Paz,Editorial Gisbert,1997,984,M47h
1086,"Galeano, Eduardo",Las venas abiertas de América Latina,México,Siglo XXI,1971,980,G35v
1087,"Tamayo, Franz",La Prometheida,La Paz,Editorial Juventud,1975,861,T36p
1088,"Cervantes Saavedra, Miguel de",Don Quijote de la Mancha,Madrid,Juan de la Cuesta,1605,863,C47d
1089,"Lehm Ardaya, Zulema",Milenarismo y movimientos sociales en la Amazonía boliviana,Santa Cruz,CIDDEBENI / APCOB,1999,984,L44m
1090,"Galeano, Eduardo",Las venas abiertas de América Latina,México,Siglo XXI,1971,980,G35v
1091,"Paz Soldán, Edmundo",Sueños digitales,Madrid,Alfaguara,2000,863,P39s
1092,"Arnade, Charles W.",La dramática insurgencia de Bolivia,La Paz,Editorial Juventud,1964,984,A76d
1093,"Paz Soldán, Edmundo",La materia del deseo,Madrid,Alfaguara,2001,863,P39m
1094,"Platt, Tristan; Bouysse-Cassagne, Thérèse; Harris, Olivia",Qaraqara-Charka,La Paz,Plural Editores,2006,984,P53q
1095,"Unamuno, Miguel de",Niebla,Madrid,Renacimiento,1914,863,U53n
1096,"Diez de Medina, Fernando",Thunupa,La Paz,Editorial Juventud,1956,984,D54t
1097,"Bertonio, Ludovico",Vocabulario de la lengua aymara,Cochabamba,CERES / IFEA / MUSEF,1984,498.324,B47v
1098,"Platt, Tristan; Bouysse-Cassagne, Thérèse; Harris, Olivia",Qaraqara-Charka,La Paz,Plural Editores,2006,984,P53q
1099,"Vázquez-Machicado, Humberto; Mesa, José de; Gisbert, Teresa",Manual de historia de Bolivia,La Paz,Gisbert y Cía.,1958,984,V39m
1100,"Díaz Villamil, Antonio",Cuentos autóctonos,La Paz,Editorial Juventud,1947,863,D53c
1101,"Gisbert, Teresa",Iconografía y mitos indígenas en el arte,La Paz,Gisbert y Cía.,1980,704.9,G57i
1102,"Arguedas, Alcides",Pueblo enfermo,Barcelona,Viuda de Luis Tasso,1909,864,A74p
1103,"Almaraz Paz, Sergio",El poder y la caída,La Paz,Los Amigos del Libro,1969,984,A46p
1104,"Céspedes, Augusto",Metal del diablo,La Paz,Editorial Juventud,1967,863,C47m
1105,"Bedregal, Yolanda",Bajo el oscuro sol,La Paz,Los Amigos del Libro,1971,861,B43b
1106,"Saenz, Jaime",Felipe Delgado,La Paz,Los Amigos del Libro,1979,863,S24f
1107,"Mesa, José de; Gisbert, Teresa",Monumentos de Bolivia,La Paz,Gisbert y Cía.,1978,720.984,M47m
1108,"Arguedas, Alcides",Raza de bronce,La Paz,Editorial Juventud,1977,863,A74r
1109,"Rulfo, Juan",El llano en llamas,México,Fondo de Cultura Económica,1953,863,R85l
1110,"Guamán Poma de Ayala, Felipe",Nueva corónica y buen gobierno,París,Institut d'Ethnologie,1936,985,G83n
1111,"Bedregal, Yolanda",Bajo el oscuro sol,La Paz,Los Amigos del Libro,1971,861,B43b
1112,"Cerruto, Oscar",Aluvión de fuego,La Paz,Los Amigos del Libro,1974,863,C47a
1113,"Prada Oropeza, Renato",Los fundadores del alba,La Paz,Los Amigos del Libro,1969,863,P73f
1114,"Querejazu Calvo, Roberto","Guano, salitre, sangre: historia de la Guerra del Pacífico",Cochabamba,Los Amigos del Libro,1979,985,Q47g
1115,Bolivia,Constitución Política del Estado,La Paz,Gaceta Oficial de Bolivia,2009,342.84,B65c
1116,"Albó, Xavier",Pueblos indios en la política,La Paz,Plural Editores,2002,305.8,A43p
1117,"Mesa, José de; Gisbert, Teresa",Monumentos de Bolivia,La Paz,Gisbert y Cía.,1978,720.984,M47m
1118,"Freire, Paulo",Pedagogía del oprimido,Montevideo,Tierra Nueva,1970,370.115,F74p
1119,"Allende, Isabel",La casa de los espíritus,Barcelona,Plaza & Janés,1982,863,A45c
1120,"García Lorca, Federico",Romancero gitano,Madrid,Revista de Occidente,1928,861,G37r
1121,"Vargas Llosa, Mario",La ciudad y los perros,Barcelona,Seix Barral,1963,863,V37c
1122,"Arguedas, Alcides",Pueblo enfermo,Barcelona,Viuda de Luis Tasso,1909,864,A74p
1123,"Taboada Terán, Néstor",Manchay Puytu,La Paz,Los Amigos del Libro,1977,863,T33m
1124,"Mesa Gisbert, Carlos D.","La aventura del cine boliviano, 1952-1985",La Paz,Editorial Gisbert,1985,791.43,M47a
1125,"Archondo, Rafael",Compadres al micrófono,La Paz,HISBOL,1991,302.234,A73c
1126,"Jaimes Freyre, Ricardo",Castalia bárbara,La Paz,Editorial Juventud,1980,861,J35c
1127,"Saenz, Jaime",Felipe Delgado,La Paz,Los Amigos del Libro,1979,863,S24f
1128,"Saenz, Jaime",Los cuartos,La Paz,Los Amigos del Libro,1974,861,S24c
1129,"Vallejo, Gaby",Hijo de opa,Cochabamba,Los Amigos del Libro,1980,863,V35h
1130,"Barnadas, Josep M.",Diccionario histórico de Bolivia,Sucre,Grupo de Estudios Históricos,2002,984.003,B37d
1131,"Rulfo, Juan",Pedro Páramo,México,Fondo de Cultura Económica,1955,863,R85p
1132,"Rolón Anaya, Mario",Política y partidos en Bolivia,La Paz,Editorial Juventud,1966,324.2984,R65p
1133,"Thomson, Sinclair",Cuando sólo reinasen los indios,La Paz,Muela del Diablo,2007,984,T46c
1134,"Tamayo, Franz",Creación de la pedagogía nacional,La Paz,Editorial Juventud,1975,370.984,T36c
1135,"Paz Soldán, Edmundo",Los vivos y los muertos,Madrid,Alfaguara,2009,863,P39v
1136,"Reinaga, Fausto",La revolución india,La Paz,Partido Indio de Bolivia,1970,305.8,R45r
1137,"Cerruto, Oscar",Aluvión de fuego,La Paz,Los Amigos del Libro,1974,863,C47a
1138,"Guamán Poma de Ayala, Felipe",Nueva corónica y buen gobierno,París,Institut d'Ethnologie,1936,985,G83n
1139,"Arguedas, José María",Los ríos profundos,Buenos Aires,Losada,1958,863,A74r
1140,"Medinaceli, Carlos",La chaskañawi,La Paz,Editorial Juventud,1947,863,M43c
1141,"Albó, Xavier",Pueblos indios en la política,La Paz,Plural Editores,2002,305.8,A43p
1142,"Mariátegui, José Carlos",Siete ensayos de interpretación de la realidad peruana,Lima,Biblioteca Amauta,1928,330.985,M37s
1143,"Medinaceli, Carlos",La chaskañawi,La Paz,Editorial Juventud,1947,863,M43c
1144,"García Linera, Álvaro",Forma valor y forma comunidad,La Paz,Muela del Diablo,2009,306,G37f
1145,"Montenegro, Carlos",Nacionalismo y coloniaje,La Paz,Editorial Juventud,1943,984,M66n
1146,"Archondo, Rafael",Compadres al micrófono,La Paz,HISBOL,1991,302.234,A73c
1147,"Cervantes Saavedra, Miguel de",Don Quijote de la Mancha,Madrid,Juan de la Cuesta,1605,863,C47d
1148,"Lara, Jesús",Surumi,Cochabamba,Los Amigos del Libro,1971,863,L37s
1149,"Rolón Anaya, Mario",Política y partidos en Bolivia,La Paz,Editorial Juventud,1966,324.2984,R65p
1150,"Vázquez-Machicado, Humberto; Mesa, José de; Gisbert, Teresa",Manual de historia de Bolivia,La Paz,Gisbert y Cía.,1958,984,V39m
1151,"Mesa, José de; Gisbert, Teresa","Arquitectura andina, 1530-1830",La Paz,Embajada de España,1985,720.984,M47a
1152,"Cerruto, Oscar",Cerco de penumbras,La Paz,Los Amigos del Libro,1975,863,C47c
1153,"Lara, Jesús",La poesía quechua,México,Fondo de Cultura Económica,1947,898.323,L37p
1154,"Urzagasti, Jesús",En el país del silencio,La Paz,Los Amigos del Libro,1987,863,U79e
1155,"Gumucio Dagron, Alfonso",Historia del cine en Bolivia,La Paz,Los Amigos del Libro,1982,791.43,G86h
1156,"Bedregal, Yolanda",Bajo el oscuro sol,La Paz,Los Amigos del Libro,1971,861,B43b
1157,"Cervantes Saavedra, Miguel de",Don Quijote de la Mancha,Madrid,Juan de la Cuesta,1605,863,C47d
1158,"Gutiérrez Aguilar, Raquel",Los ritmos del Pachakuti,México,Textos Rebeldes,2008,322.4,G88r
1159,"Arzáns de Orsúa y Vela, Bartolomé",Historia de la Villa Imperial de Potosí,Providence,Brown University Press,1965,984,A79h
1160,"Cortázar, Julio",Rayuela,Buenos Aires,Editorial Sudamericana,1963,863,C67r
1161,"Almaraz Paz, Sergio",El poder y la caída,La Paz,Los Amigos del Libro,1969,984,A46p
1162,"García Linera, Álvaro",La potencia plebeya,Buenos Aires,Prometeo / CLACSO,2008,320.984,G37p
1163,"Paz, Octavio",El laberinto de la soledad,México,Cuadernos Americanos,1950,864,P39l
1164,"Cárdenas, Martín",Manual de plantas económicas de Bolivia,Cochabamba,Imprenta Icthus,1969,581.6,C37m
1165,"Albó, Xavier; Romero, Carlos",Autonomías indígenas en la realidad boliviana,La Paz,Vicepresidencia del Estado,2009,320.984,A43a
1166,Instituto Geográfico Militar,Geografía de Bolivia,La Paz,Instituto Geográfico Militar,1978,918.4,I57g
1167,"Arguedas, Alcides",Raza de bronce,La Paz,Editorial Juventud,1977,863,A74r
1168,"Céspedes, Augusto",Metal del diablo,La Paz,Editorial Juventud,1967,863,C47m
1169,"Thomson, Sinclair",Cuando sólo reinasen los indios,La Paz,Muela del Diablo,2007,984,T46c
1170,"Mariátegui, José Carlos",Siete ensayos de interpretación de la realidad peruana,Lima,Biblioteca Amauta,1928,330.985,M37s
1171,"Lara, Jesús",Surumi,Cochabamba,Los Amigos del Libro,1971,863,L37s
1172,"Archondo, Rafael",Compadres al micrófono,La Paz,HISBOL,1991,302.234,A73c
1173,"Rulfo, Juan",El llano en llamas,México,Fondo de Cultura Económica,1953,863,R85l
1174,"Taboada Terán, Néstor",Manchay Puytu,La Paz,Los Amigos del Libro,1977,863,T33m
1175,"Moreno, Gabriel René",Últimos días coloniales en el Alto Perú,Santiago de Chile,Imprenta Cervantes,1896,984,M67u
1176,"García Márquez, Gabriel",Cien años de soledad,Buenos Aires,Editorial Sudamericana,1967,863,G37c
1177,"Urzagasti, Jesús",Tirinea,La Paz,Los Amigos del Libro,1969,863,U79t
1178,"Carpentier, Alejo",El reino de este mundo,México,EDIAPSA,1949,863,C37r
1179,"García Linera, Álvaro",Forma valor y forma comunidad,La Paz,Muela del Diablo,2009,306,G37f
1180,"Paz Soldán, Edmundo",Palacio quemado,Madrid,Alfaguara,2006,863,P39p
1181,"Colanzi, Liliana",Nuestro mundo muerto,Buenos Aires,Eterna Cadencia,2016,863,C65n
1182,"Ponce Sanginés, Carlos","Tiwanaku: espacio, tiempo y cultura",La Paz,Los Amigos del Libro,1981,930.1,P66t
1183,"Lora, Guillermo",Historia del movimiento obrero boliviano,La Paz,Los Amigos del Libro,1967,331.88,L67h
1184,"Marof, Tristán",La tragedia del altiplano,Buenos Aires,Editorial Claridad,1934,984,M37t
1185,"Gisbert, Teresa; Arze, Silvia; Cajías, Martha",Arte textil y mundo andino,La Paz,Gisbert y Cía.,1987,746,G57a
1186,"García Linera, Álvaro",La potencia plebeya,Buenos Aires,Prometeo / CLACSO,2008,320.984,G37p
1187,"Mesa, José de; Gisbert, Teresa; Mesa Gisbert, Carlos D.",Historia de Bolivia,La Paz,Editorial Gisbert,1997,984,M47h
1188,"Mesa, José de; Gisbert, Teresa",Monumentos de Bolivia,La Paz,Gisbert y Cía.,1978,720.984,M47m
1189,"Albó, Xavier",Pueblos indios en la política,La Paz,Plural Editores,2002,305.8,A43p
1190,"Saenz, Jaime",Felipe Delgado,La Paz,Los Amigos del Libro,1979,863,S24f
1191,"Gisbert, Teresa",Iconografía y mitos indígenas en el arte,La Paz,Gisbert y Cía.,1980,704.9,G57i
1192,"Neruda, Pablo",Veinte poemas de amor y una canción desesperada,Santiago de Chile,Nascimento,1924,861,N47v
1193,"Vallejo, Gaby",Hijo de opa,Cochabamba,Los Amigos del Libro,1980,863,V35h
1194,"Marof, Tristán",La tragedia del altiplano,Buenos Aires,Editorial Claridad,1934,984,M37t
1195,"Medinaceli, Carlos",Estudios críticos,Sucre,Imprenta Universitaria,1969,860.9,M43e
1196,"Mesa Gisbert, Carlos D.",Presidentes de Bolivia: entre urnas y fusiles,La Paz,Editorial Gisbert,1983,984,M47p
1197,"Neruda, Pablo",Veinte poemas de amor y una canción desesperada,Santiago de Chile,Nascimento,1924,861,N47v
1198,"Sanjinés C., Javier",El espejismo del mestizaje,La Paz,IFEA / PIEB,2005,305.8,S26e
1199,Bolivia,Constitución Política del Estado,La Paz,Gaceta Oficial de Bolivia,2009,342.84,B65c
1200,"Rivera Cusicanqui, Silvia",Oprimidos pero no vencidos,La Paz,HISBOL,1984,305.8,R58o
1201,"Saenz, Jaime",Imágenes paceñas,La Paz,Alcaldía Municipal de La Paz,1979,864,S24i
1202,"Paz Soldán, Edmundo",La materia del deseo,Madrid,Alfaguara,2001,863,P39m
1203,"Céspedes, Augusto",Metal del diablo,La Paz,Editorial Juventud,1967,863,C47m
1204,"Arzáns de Orsúa y Vela, Bartolomé",Historia de la Villa Imperial de Potosí,Providence,Brown University Press,1965,984,A79h
1205,"Ponce Sanginés, Carlos","Tiwanaku: espacio, tiempo y cultura",La Paz,Los Amigos del Libro,1981,930.1,P66t
1206,"Viscarra, Víctor Hugo","Borracho estaba, pero me acuerdo",La Paz,Los Amigos del Libro,1993,863,V57b
1207,"Almaraz Paz, Sergio",Réquiem para una república,La Paz,Universidad Mayor de San Andrés,1969,984,A46r
1208,"Condarco Morales, Ramiro","Zárate, el temible Willka",La Paz,Imprenta Renovación,1965,984,C66z
1209,"Barnadas, Josep M.",Charcas: orígenes históricos de una sociedad colonial,La Paz,CIPCA,1973,984,B37c
1210,"Zavaleta Mercado, René",Las masas en noviembre,La Paz,Editorial Juventud,1983,984,Z38m
1211,"Saenz, Jaime",Felipe Delgado,La Paz,Los Amigos del Libro,1979,863,S24f
1212,"Paredes, M. Rigoberto",El arte folklórico de Bolivia,La Paz,Isla,1949,398,P37a
1213,"Lara, Jesús",Yanakuna,Cochabamba,Los Amigos del Libro,1973,863,L37y
1214,"Francovich, Guillermo",El pensamiento boliviano en el siglo XX,México,Fondo de Cultura Económica,1956,199.84,F73p
1215,"Borges, Jorge Luis",Ficciones,Buenos Aires,Sur,1944,863,B67f
1216,"Rolón Anaya, Mario",Política y partidos en Bolivia,La Paz,Editorial Juventud,1966,324.2984,R65p
1217,"Querejazu Calvo, Roberto","Masamaclay: historia política, diplomática y militar de la guerra del Chaco",La Paz,Los Amigos del Libro,1975,989.2,Q47m
1218,"Zavaleta Mercado, René",Las masas en noviembre,La Paz,Editorial Juventud,1983,984,Z38m
1219,"Saenz, Jaime",Los cuartos,La Paz,Los Amigos del Libro,1974,861,S24c
1220,"Cervantes Saavedra, Miguel de",Don Quijote de la Mancha,Madrid,Juan de la Cuesta,1605,863,C47d
1221,"Díaz Villamil, Antonio",Cuentos autóctonos,La Paz,Editorial Juventud,1947,863,D53c
1222,"Sábato, Ernesto",Sobre héroes y tumbas,Buenos Aires,Fabril Editora,1961,863,S23s
1223,"Viscarra, Víctor Hugo","Borracho estaba, pero me acuerdo",La Paz,Los Amigos del Libro,1993,863,V57b
1224,"Cortázar, Julio",Rayuela,Buenos Aires,Editorial Sudamericana,1963,863,C67r
1225,"Barragán, Rossana",Espacio urbano y dinámica étnica: La Paz en el siglo XIX,La Paz,HISBOL,1990,984,B37e
1226,"Freire, Paulo",Pedagogía del oprimido,Montevideo,Tierra Nueva,1970,370.115,F74p
1227,"Rulfo, Juan",Pedro Páramo,México,Fondo de Cultura Económica,1955,863,R85p
1228,Bolivia,Código civil,La Paz,Gaceta Oficial de Bolivia,1976,346.84,B65c
1229,"Barragán, Rossana","Indios, mujeres y ciudadanos",La Paz,Fundación Diálogo,1999,305.8,B37i
1230,"Thomson, Sinclair",Cuando sólo reinasen los indios,La Paz,Muela del Diablo,2007,984,T46c
1231,"Mesa, José de; Gisbert, Teresa; Mesa Gisbert, Carlos D.",Historia de Bolivia,La Paz,Editorial Gisbert,1997,984,M47h
1232,"Díaz Villamil, Antonio",Cuentos autóctonos,La Paz,Editorial Juventud,1947,863,D53c
1233,"Klein, Herbert S.",Historia general de Bolivia,La Paz,Editorial Juventud,1982,984,K54h
1234,"García Márquez, Gabriel",Cien años de soledad,Buenos Aires,Editorial Sudamericana,1967,863,G37c
1235,"Gisbert, Teresa",Iconografía y mitos indígenas en el arte,La Paz,Gisbert y Cía.,1980,704.9,G57i
1236,"García Lorca, Federico",Romancero gitano,Madrid,Revista de Occidente,1928,861,G37r
1237,"Finot, Enrique",Historia de la literatura boliviana,La Paz,Los Amigos del Libro,1975,860.9,F56h
1238,"Arguedas, Alcides",Raza de bronce,La Paz,Editorial Juventud,1977,863,A74r
1239,"Rulfo, Juan",El llano en llamas,México,Fondo de Cultura Económica,1953,863,R85l
1240,"Vargas Llosa, Mario",Conversación en La Catedral,Barcelona,Seix Barral,1969,863,V37c
1241,"Saenz, Jaime",Imágenes paceñas,La Paz,Alcaldía Municipal de La Paz,1979,864,S24i
1242,Bolivia,Código civil,La Paz,Gaceta Oficial de Bolivia,1976,346.84,B65c
1243,"Moreno, Gabriel René",Bolivia y Perú: notas históricas y bibliográficas,Santiago de Chile,Imprenta Gutenberg,1905,984,M67b
1244,"González Holguín, Diego",Vocabulario de la lengua general de todo el Perú llamada lengua qquichua o del Inca,Lima,Imprenta Santa María,1952,498.323,G66v
1245,"Paz Soldán, Edmundo",Los vivos y los muertos,Madrid,Alfaguara,2009,863,P39v
1246,"Barnadas, Josep M.",Charcas: orígenes históricos de una sociedad colonial,La Paz,CIPCA,1973,984,B37c
1247,"Quiroga, Horacio",Cuentos de amor de locura y de muerte,Buenos Aires,Cooperativa Editorial Buenos Aires,1917,863,Q57c
1248,"Mesa Gisbert, Carlos D.",Presidentes de Bolivia: entre urnas y fusiles,La Paz,Editorial Gisbert,1983,984,M47p
1249,"Paz Soldán, Edmundo",Río fugitivo,Madrid,Alfaguara,1998,863,P39r
1250,"Chirveches, Armando",La candidatura de Rojas,La Paz,Editorial Juventud,1980,863,C45c
1251,"Paredes, M. Rigoberto",El arte folklórico de Bolivia,La Paz,Isla,1949,398,P37a
1252,"Francovich, Guillermo",El pensamiento boliviano en el siglo XX,México,Fondo de Cultura Económica,1956,199.84,F73p
1253,"García Márquez, Gabriel",Cien años de soledad,Buenos Aires,Editorial Sudamericana,1967,863,G37c
1254,"Céspedes, Augusto",El dictador suicida,Santiago de Chile,Editorial Universitaria,1956,984,C47d
1255,"García Lorca, Federico",La casa de Bernarda Alba,Buenos Aires,Losada,1945,862,G37c
1256,"Arguedas, Alcides",Pueblo enfermo,Barcelona,Viuda de Luis Tasso,1909,864,A74p
1257,"Céspedes, Augusto",El presidente colgado,Buenos Aires,Jorge Álvarez,1966,984,C47p
1258,"Hernández, José",Martín Fierro,Buenos Aires,Imprenta de la Pampa,1872,861,H47m
1259,Instituto Geográfico Militar,Geografía de Bolivia,La Paz,Instituto Geográfico Militar,1978,918.4,I57g
1260,"Viscarra, Víctor Hugo",Alcoholatum y otros drinks,La Paz,Los Amigos del Libro,1992,863,V57a
1261,"Allende, Isabel",La casa de los espíritus,Barcelona,Plaza & Janés,1982,863,A45c
1262,"García Márquez, Gabriel",Cien años de soledad,Buenos Aires,Editorial Sudamericana,1967,863,G37c
1263,"García Lorca, Federico",La casa de Bernarda Alba,Buenos Aires,Losada,1945,862,G37c
1264,"Lara, Jesús",La poesía quechua,México,Fondo de Cultura Económica,1947,898.323,L37p
1265,"Asturias, Miguel Ángel",El señor presidente,México,Costa-Amic,1946,863,A88s
1266,"Cerruto, Oscar",Cerco de penumbras,La Paz,Los Amigos del Libro,1975,863,C47c
1267,Bolivia,Constitución Política del Estado,La Paz,Gaceta Oficial de Bolivia,2009,342.84,B65c
1268,"Sábato, Ernesto",Sobre héroes y tumbas,Buenos Aires,Fabril Editora,1961,863,S23s
1269,"Lara, Jesús","Diccionario qheshwa-castellano, castellano-qheshwa",Cochabamba,Los Amigos del Libro,1971,498.323,L37d
1270,"Condarco Morales, Ramiro","Zárate, el temible Willka",La Paz,Imprenta Renovación,1965,984,C66z
1271,"Recacoechea, Juan de",American visa,La Paz,Los Amigos del Libro,1994,863,R43a
1272,"Sanjinés C., Javier",El espejismo del mestizaje,La Paz,IFEA / PIEB,2005,305.8,S26e
1273,"Mesa, José de; Gisbert, Teresa","Arquitectura andina, 1530-1830",La Paz,Embajada de España,1985,720.984,M47a
1274,"Medinaceli, Carlos",Estudios críticos,Sucre,Imprenta Universitaria,1969,860.9,M43e
1275,"Paz Soldán, Edmundo",Palacio quemado,Madrid,Alfaguara,2006,863,P39p
1276,"Medinaceli, Carlos",La chaskañawi,La Paz,Editorial Juventud,1947,863,M43c
1277,"Borges, Jorge Luis",Ficciones,Buenos Aires,Sur,1944,863,B67f
1278,"Ponce Sanginés, Carlos","Tiwanaku: espacio, tiempo y cultura",La Paz,Los Amigos del Libro,1981,930.1,P66t
1279,"Paredes, M. Rigoberto",El arte folklórico de Bolivia,La Paz,Isla,1949,398,P37a
1280,"Larson, Brooke","Colonialismo y transformación agraria en Bolivia: Cochabamba, 1550-1900",La Paz,CERES / HISBOL,1992,984,L37c
1281,"Bertonio, Ludovico",Vocabulario de la lengua aymara,Cochabamba,CERES / IFEA / MUSEF,1984,498.324,B47v
1282,"Paz Soldán, Edmundo",El delirio de Turing,Madrid,Alfaguara,2003,863,P39d
1283,"Paz Soldán, Edmundo",La materia del deseo,Madrid,Alfaguara,2001,863,P39m
1284,"Lara, Jesús",Tragedia del fin de Atawallpa,Cochabamba,Imprenta Universitaria,1957,898.323,L37t
1285,"Gisbert, Teresa; Arze, Silvia; Cajías, Martha",Arte textil y mundo andino,La Paz,Gisbert y Cía.,1987,746,G57a
1286,"García Lorca, Federico",Romancero gitano,Madrid,Revista de Occidente,1928,861,G37r
1287,"Barnadas, Josep M.",Diccionario histórico de Bolivia,Sucre,Grupo de Estudios Históricos,2002,984.003,B37d
1288,"Borges, Jorge Luis",Ficciones,Buenos Aires,Sur,1944,863,B67f
1289,"Colanzi, Liliana",Nuestro mundo muerto,Buenos Aires,Eterna Cadencia,2016,863,C65n
1290,"Asturias, Miguel Ángel",El señor presidente,México,Costa-Amic,1946,863,A88s
1291,"Mesa, José de; Gisbert, Teresa; Mesa Gisbert, Carlos D.",Historia de Bolivia,La Paz,Editorial Gisbert,1997,984,M47h
1292,"Neruda, Pablo",Veinte poemas de amor y una canción desesperada,Santiago de Chile,Nascimento,1924,861,N47v
1293,"Montenegro, Carlos",Nacionalismo y coloniaje,La Paz,Editorial Juventud,1943,984,M66n
1294,"Dunkerley, James",Rebelión en las venas,La Paz,Plural Editores,2003,984,D86r
1295,"Rulfo, Juan",Pedro Páramo,México,Fondo de Cultura Económica,1955,863,R85p
1296,"Taboada Terán, Néstor",Indios en armas,La Paz,Los Amigos del Libro,1985,863,T33i
1297,"García Linera, Álvaro",Reproletarización,La Paz,CRESPIAL,1999,331.88,G37r
1298,"Saenz, Jaime",Imágenes paceñas,La Paz,Alcaldía Municipal de La Paz,1979,864,S24i
1299,"Taboada Terán, Néstor",Manchay Puytu,La Paz,Los Amigos del Libro,1977,863,T33m
1300,"Klein, Herbert S.",Orígenes de la revolución nacional boliviana,La Paz,Editorial Juventud,1968,984,K54o
